input,expected_output,metadata
"Am I eligible for housing assistance if I make $45,000 a year and live in Virginia?","Eligibility for federal housing assistance depends on your household size and local income limits. In Virginia, a single person earning $45,000 likely exceeds the threshold for most HUD programs. You can confirm your eligibility through HUD’s Income Limits Tool.",
Do veterans get priority for housing programs?,"Yes. Many HUD-VASH programs prioritize veterans, especially those experiencing homelessness or at risk of becoming homeless.",
Can I apply for assistance if I’m already working?,Yes. Employment does not automatically disqualify you. Eligibility is based on household income relative to your area’s median income.,
"Do I qualify for Medicaid if I’m 63 and make $22,000 a year?","Eligibility for Medicaid varies by state. In most states, an individual earning $22,000 annually may qualify, especially if they’re over 60. You should check your state’s specific income limits at Medicaid.gov.",
What’s the income limit for SNAP benefits for a family of four?,"As of 2024, a family of four generally qualifies for SNAP if their gross monthly income is below approximately $3,250, though limits vary by state.",
"If I’m on Medicare, can I still apply for Medicaid?","Yes, it’s possible to qualify for both Medicare and Medicaid. People who qualify for both are called ‘dual eligibles’ and receive coordinated benefits.",
What documents do I need to apply for benefits?,"You’ll typically need proof of identity, income, residency, and citizenship status — such as a driver’s license, pay stubs, and utility bills.",
How long does it take to get a decision?,Processing times vary by program but typically range from 30 to 60 days after submitting all required documents.,
Can I apply on behalf of a family member?,"Yes, you can apply on behalf of a family member if you have legal authorization or power of attorney.",
My benefits were denied — what can I do?,You can appeal your benefits decision. The appeal process usually involves submitting a written request within 30 days of the denial notice. Visit your state’s benefits portal for specific instructions.,
"If I move to another state, will I lose my benefits?",Most benefits don’t automatically transfer across states. You’ll need to reapply in your new state to ensure continuity.,
Can I appeal a decision online?,Yes. Most federal and state agencies now offer online appeal submission through their official portals.,
Is my personal data safe when applying?,Yes. Federal agencies use encrypted systems and comply with the Privacy Act to protect your data. Never share your Social Security number outside official portals.,
Can I call someone to help me fill out the form?,Yes. You can call your local benefits office or the national helpline for assistance. Contact information is available on Benefits.gov.,
Do veterans get priority for housing?,"No, veterans apply the same way as anyone else.",
Can I apply if I’m unemployed?,You must be employed to qualify.,